"Country Name","Country Code","Indicator Name","Indicator Code","1960","1961","1962","1963","1964","1965","1966","1967","1968","1969","1970","1971","1972","1973","1974","1975","1976","1977","1978","1979","1980","1981","1982","1983","1984","1985","1986","1987","1988","1989","1990","1991","1992","
"Aruba","ABW","GDP growth (annual %)","NY.GDP.MKTP.KD.ZG","","","","","","","","","","","","","","","","","","","","","","","","","","","","16.0784313755902","18.6486486682331","12.1298405451924","3.96140172360629","7.96287173232642","5.88235395341866","7.30769324531406","8.20390129312089","2.54
"Africa Eastern and Southern","AFE","GDP growth (annual %)","NY.GDP.MKTP.KD.ZG","","0.46873634773543","7.86970873690956","5.62237369942385","4.69045807903838","5.15957370569078","4.82275414343354","5.37350153757311","4.15370975789639","5.09073094861398","1.13178963932057","5.47862520745213","2.7
"Afghanistan","AFG","GDP growth (annual %)","NY.GDP.MKTP.KD.ZG","","","","","","","","","","","","","","","","","","","","","","","","","","","","","","","","","","","","","","","","","","-9.4319740700862","28.6000011706788","8.83227780288267","1.41411799339429","11.2297148272859","5.35740324748
"Africa Western and Central","AFW","GDP growth (annual %)","NY.GDP.MKTP.KD.ZG","","1.87305406216578","3.71277673428121","7.11196790337776","5.41394293402104","4.12085478536667","-1.51770514080505","-9.04361966395031","1.56710302381865","15.2201558318751","17.5084805084985","10.5405953221293","3.
"Angola","AGO","GDP growth (annual %)","NY.GDP.MKTP.KD.ZG","","","","","","","","","","","","","","","","","","","","","","-4.40000121865044","0","4.20000142853745","6.00000216509061","3.49999949008624","2.90000174246859","4.08274863510718","6.12889047765088","0.0416214618374653","-3.45009868500
"Albania","ALB","GDP growth (annual %)","NY.GDP.MKTP.KD.ZG","","","","","","","","","","","","","","","","","","","","","","5.74563529228122","2.94859680118948","1.10493826195044","-1.25159664405811","1.78064395924903","5.63724317852112","-0.787842654927246","-1.42003965566391","9.83654897187228
"Andorra","AND","GDP growth (annual %)","NY.GDP.MKTP.KD.ZG","","","","","","","","","","","","4.64946535556467","8.14974352749283","7.78846724532318","5.61878962739297","0.54220566972954","3.30378705328451","2.83857556906837","1.46300016981581","0.0415572233591206","2.20872761148199","-0.1324744
"Arab World","ARB","GDP growth (annual %)","NY.GDP.MKTP.KD.ZG","","","","","","","","6.77277839247428","10.8010731446512","7.46378927474049","22.7553885195642","7.44242129318475","13.9200390240344","13.2591913780069","10.4802368097488","0.000931632455206","14.3129164190686","6.61973417575612","2
"United Arab Emirates","ARE","GDP growth (annual %)","NY.GDP.MKTP.KD.ZG","","","","","","","","","","","","36.612377853309","39.0796375886666","76.6201550367608","14.4980412677649","6.22740138862785","16.52685650611","21.4393301703121","-1.58960331985861","20.9235730768488","23.8747749106529","4
"Argentina","ARG","GDP growth (annual %)","NY.GDP.MKTP.KD.ZG","","5.42784287621933","-0.852021521903339","-5.30819682539126","10.1302976615431","10.5694333376394","-0.659726170629824","3.19199662339177","4.82250077932424","9.67952601078326","3.04564331917115","5.65813108184925","1.62841651825939
"Armenia","ARM","GDP growth (annual %)","NY.GDP.MKTP.KD.ZG","","","","","","","","","","","","","","","","","","","","","","","","","","","","","","","","-11.699998482027","-41.8000027457562","-8.7999987932935","5.40000277917656","6.89999841973659","5.86540074943565","3.32107970046953","7.299999
"American Samoa","ASM","GDP growth (annual %)","NY.GDP.MKTP.KD.ZG","","","","","","","","","","","","","","","","","","","","","","","","","","","","","","","","","","","","","","","","","","","","0.965517241379317","0.409836065573771","-0.408163265306129","-4.09836065573771","1.85185185185186",
"Antigua and Barbuda","ATG","GDP growth (annual %)","NY.GDP.MKTP.KD.ZG","","","","","","","","","","","","","","","","","","","4.38347107438017","8.08027796880091","8.16100999614888","3.81519265600569","-0.0842510233144225","5.36377882247594","10.165158146716","7.64379528257612","11.494197956295
"Australia","AUS","GDP growth (annual %)","NY.GDP.MKTP.KD.ZG","","2.48233047098947","1.29422099669962","6.21617959257419","6.98016602027624","5.98014040053107","2.37900553867696","6.30487825728025","5.093706274426","7.0452741832873","7.17569474653776","4.0005792969926","3.9104527931282","2.61959
"Austria","AUT","GDP growth (annual %)","NY.GDP.MKTP.KD.ZG","","5.53797931684524","2.6486751129527","4.13826758157036","6.12435373762845","3.48017491799556","5.64286141093278","3.00804779775507","4.47231278246025","6.27586716607004","7.12287550213442","5.11496855357541","6.2078611051551","4.8904
"Azerbaijan","AZE","GDP growth (annual %)","NY.GDP.MKTP.KD.ZG","","","","","","","","","","","","","","","","","","","","","","","","","","","","","","","","-0.700000175699572","-22.6000003264444","-23.0999987188387","-19.7000012399238","-11.7999991076818","1.29999940463827","5.80000014795783","
"Burundi","BDI","GDP growth (annual %)","NY.GDP.MKTP.KD.ZG","","-13.7461350539839","9.06315793386563","4.13540742185575","6.27303790087062","3.96722560928015","4.61299289557684","13.8215186020874","-0.297883673472171","-1.45954114245622","21.3256707328654","2.74682871213831","-6.40396492407875",
"Belgium","BEL","GDP growth (annual %)","NY.GDP.MKTP.KD.ZG","","4.9784230631921","5.21200350925506","4.35158428167072","6.95668473344055","3.56065983986097","3.15589498173389","3.86814694690092","4.19412962494745","6.62979979529474","6.35267211404241","3.98582731151862","5.29560423026356","6.381
"Benin","BEN","GDP growth (annual %)","NY.GDP.MKTP.KD.ZG","","3.14128045641213","-3.42640982098587","4.7300279709188","6.65075912824808","5.29386282871174","3.57586273248711","1.07839866664565","3.84233563459493","2.87749797403703","2.09775758051059","-1.4968418264467","6.4263675448305","3.70616
"Burkina Faso","BFA","GDP growth (annual %)","NY.GDP.MKTP.KD.ZG","","4.04392797754925","6.12879878024506","-1.26801637269189","2.28281922375837","3.76454538063129","0.537613083660716","8.82331497485367","3.07077393782897","2.02608104052698","0.117019610679606","1.4133398815319","2.31149874156277
"Bangladesh","BGD","GDP growth (annual %)","NY.GDP.MKTP.KD.ZG","","6.05816082547616","5.45303096987814","-0.455894289969805","10.9527885460584","1.60625822892978","2.56681200128088","-1.8758639196746","9.48945401549118","1.22085790908322","5.61985229282153","-5.47948302722807","-13.9737287020561
"Bulgaria","BGR","GDP growth (annual %)","NY.GDP.MKTP.KD.ZG","","","","","","","","","","","","","","","","","","","","","","4.9001618599853","2.3345655917154","3.43030591387084","3.3964436219225","2.68344074070694","4.20760200326254","6.05451383874338","10.9446920643057","-3.28988206824971","-9
"Bahrain","BHR","GDP growth (annual %)","NY.GDP.MKTP.KD.ZG","","","","","","","","","","","","1.60714285546935","11.0720562276677","13.9240506555534","8.47222224387403","-8.83482715024641","30.476297435675","13.0176496171974","3.8622685992858","3.46926802729132","2.58027926574829","-5.3166973528
"Bahamas, The","BHS","GDP growth (annual %)","NY.GDP.MKTP.KD.ZG","","10.6670974062853","10.4519718914791","10.524055218681","10.5015672000336","10.4255964611444","9.07192872047429","9.59811387222918","8.42176356182298","8.98166256974302","-5.64964950396579","1.62650874068258","-3.49733593905746"
"Bosnia and Herzegovina","BIH","GDP growth (annual %)","NY.GDP.MKTP.KD.ZG","","","","","","","","","","","","","","","","","","","","","","","","","","","","","","","","-9.34802499922","-6.43690771039324","-2.1813484904898","11.1319654858782","15.9683009584783","54.1993001671129","36.64112846703
"Belarus","BLR","GDP growth (annual %)","NY.GDP.MKTP.KD.ZG","","","","","","","","","","","","","","","","","","","","","","","","","","","","","","","","-1.19999562750375","-9.60000128974481","-7.60000189914324","-11.7000038354787","-10.4000005284964","2.80000462766887","11.4000054580737","8.39
"Belize","BLZ","GDP growth (annual %)","NY.GDP.MKTP.KD.ZG","","4.89227701008051","4.89265226468763","4.95643417667813","4.99987981197741","4.93054100754495","4.77084518419552","4.91312320896799","7.36722545020247","5.1063747050941","4.80769339437559","3.95944112009168","10.2183037621063","5.3518
"Bermuda","BMU","GDP growth (annual %)","NY.GDP.MKTP.KD.ZG","","4.67999996713304","4.47000004808878","1.06999999436341","11.1099999875701","4.76000001552437","14.3636363323149","13.2750397766514","2.10526314278347","3.43642611734707","6.31229233824516","3.43750002134429","1.81268880897692","1.48
"Bolivia","BOL","GDP growth (annual %)","NY.GDP.MKTP.KD.ZG","","2.08929594236781","5.57891786210295","6.79762576905429","3.95659653084567","4.91344195525978","7.17058966306621","6.31721951733537","8.52944308831111","4.47409732886864","5.23102930423347","5.06333643861971","7.967485209709","5.7391
"Brazil","BRA","GDP growth (annual %)","NY.GDP.MKTP.KD.ZG","","8.60000000000014","6.59999999999992","0.600000000000065","3.39999999999985","2.40000000000001","6.7000000000001","4.2","9.79999999999998","9.49999999999993","10.4","11.3429219931908","11.9403481162508","13.9687217796782","8.153938684
"Barbados","BRB","GDP growth (annual %)","NY.GDP.MKTP.KD.ZG","","7.6965298006354","9.06075860946085","-5.07842107998042","5.00487575497696","11.4348434925181","4.00337124242267","10.6361361469399","6.92182132881096","7.51840479457447","9.5094029913739","3.912722439334","1.27380067229437","1.3407
"Brunei Darussalam","BRN","GDP growth (annual %)","NY.GDP.MKTP.KD.ZG","","","","","","","","","","","","","","","","-0.645291579006951","20.8741398285027","9.93403484610029","7.01913426136178","24.3383886941687","-9.70796015870228","-22.3848239984139","2.30152997332975","0.399377358630829","-2.3
"Bhutan","BTN","GDP growth (annual %)","NY.GDP.MKTP.KD.ZG","","","","","","","","","","","","2.67710048691288","1.16325709813225","1.46708963632713","5.15826493134593","-3.30732069832554","8.95465028355598","7.90123454990548","7.12651195843857","4.79096734776185","5.0087361630323","15.1222948427
"Botswana","BWA","GDP growth (annual %)","NY.GDP.MKTP.KD.ZG","","6.34328369916236","6.66666783376763","5.92104509011995","6.83230092114646","5.81395506087105","6.34401910558493","5.92455993122056","10.5670565038251","15.1234047289021","17.120267669479","25.8211072044697","26.3619409491731","21.3
"Central African Republic","CAF","GDP growth (annual %)","NY.GDP.MKTP.KD.ZG","","4.95355379797229","-3.71380018409685","-0.707010752236329","2.08032459940857","0.947578712256856","0.644783720237797","4.6766131089008","1.40411317693092","7.09154252763096","2.33288087679347","1.13020238405835","-0
"Canada","CAN","GDP growth (annual %)","NY.GDP.MKTP.KD.ZG","","3.16329168371286","7.42783693388429","5.29744024171539","6.65599974032362","6.31720020530724","6.75968985492175","3.06542082002188","5.00827408049702","5.06703244864089","2.91871324193951","4.01884493451227","5.51967006527914","6.728
"Central Europe and the Baltics","CEB","GDP growth (annual %)","NY.GDP.MKTP.KD.ZG","","","","","","","","","","","","","","","","","","","","","","","","","","","","","","","","-10.8715607324926","-4.93630600912893","0.209200867055756","3.68868814511475","5.71185865540853","4.48583106141973","2.
"Switzerland","CHE","GDP growth (annual %)","NY.GDP.MKTP.KD.ZG","","8.10867221090605","4.78994131635308","4.87919908861329","5.2563507861986","2.10455491544919","2.46145745672364","3.05592216743898","3.58802600373987","5.6329121225459","6.37740651942093","4.07544243672315","3.20050860717652","3.
"Channel Islands","CHI","GDP growth (annual %)","NY.GDP.MKTP.KD.ZG","","","","","","","","","","","","","","","","","","","","","","","","","","","","","","","","","","","","","","","","","","","","","","","","","","","-3.6066320695533","1.12504262460223","-5.7536617430689","0.493931288300132","
"Chile","CHL","GDP growth (annual %)","NY.GDP.MKTP.KD.ZG","","5.24527188446069","4.02668562348332","5.8401401399083","2.55722053849037","0.950272505285383","11.236242456379","3.61599985405201","3.59201332954133","3.93798328096847","1.82896697019414","9.4226862110563","-1.01994779412148","-5.0292
"China","CHN","GDP growth (annual %)","NY.GDP.MKTP.KD.ZG","","-27.2700000038885","-5.57999999019671","10.2999999963989","18.1799999938203","16.9500000038703","10.6499999984172","-5.77000000405199","-4.09999998647747","16.9399999960612","19.2999999967024","7.0599999985365","3.81000000021972","7.7
"Cote d'Ivoire","CIV","GDP growth (annual %)","NY.GDP.MKTP.KD.ZG","","9.93255515611813","1.22699449007209","14.490355865667","17.6130878299454","-3.10965427332918","11.5773596880237","4.59815178505383","12.5482486395257","9.53921877056503","10.3750318437426","9.45663766175453","4.23662501175109"
"Cameroon","CMR","GDP growth (annual %)","NY.GDP.MKTP.KD.ZG","","1.18368081101198","3.04155905079301","3.74255032074073","3.54715969490351","2.0260537150391","4.61495561904862","-10.9120655887773","6.34632385376702","4.90147952428066","3.09206823386914","3.47970781665525","2.67384329318293","5.3
"Congo, Dem. Rep.","COD","GDP growth (annual %)","NY.GDP.MKTP.KD.ZG","","-10.8513760836337","21.2006975148133","5.213990134349","-2.44022356449149","0.997348793527436","6.77548530172186","-0.985738661487957","4.33269846401917","9.3288374385548","-0.245056575086281","6.00501806737557","0.15113551
"Congo, Rep.","COG","GDP growth (annual %)","NY.GDP.MKTP.KD.ZG","","8.35072672427799","5.20230878797427","-4.02930039798804","3.81679626842326","3.67646773649125","1.35898246232004","2.11627205671408","7.63132623875093","7.54852519466465","6.35847018696658","7.75303585308524","8.61755084484118",
"Colombia","COL","GDP growth (annual %)","NY.GDP.MKTP.KD.ZG","","5.08921698439107","5.41188961342047","3.28670755407101","6.16694132350723","3.60001138983772","5.23673586229452","4.13486416579858","5.93311799878289","6.10251730873333","6.20779696127698","5.9607279462907","7.66914754440097","6.72
"Comoros","COM","GDP growth (annual %)","NY.GDP.MKTP.KD.ZG","","","","","","","","","","","","","","","","","","","","","","3.86492895691175","6.3833170098831","4.82140188312658","4.11029998859358","2.2799607772245","1.86761216652651","1.63778418052955","2.68737940417255","-3.18025651617585","5.
"Cabo Verde","CPV","GDP growth (annual %)","NY.GDP.MKTP.KD.ZG","","","","","","","","","","","","","","","","","","","","","","8.45156240751683","2.82503008527617","9.52074975154451","3.78327068402049","8.64208661528207","2.87145542241004","4.30906373191068","5.99685491429432","5.69794936616317"
"Costa Rica","CRI","GDP growth (annual %)","NY.GDP.MKTP.KD.ZG","","1.8792765563641","5.44239137528237","6.89892344200918","3.65904831414015","8.1905275942481","6.96931903096743","5.65012592038407","8.47330434699462","5.4917999425584","7.50313434335064","6.77850542642193","8.17804513351518","7.70
"Caribbean small states","CSS","GDP growth (annual %)","NY.GDP.MKTP.KD.ZG","","7.38699393186913","6.76506591429495","0.483418278871397","8.4557322507069","10.6212054375269","8.43626937602839","8.87491089178447","6.58470256681558","7.37748222326604","1.33036988086847","2.90604634528191","-1.07940
"Cuba","CUB","GDP growth (annual %)","NY.GDP.MKTP.KD.ZG","","","","","","","","","","","","8.58385901163629","4.82668584313927","3.43448853582437","0.984491815760862","9.47642606915934","5.4279604586732","8.7095028615293","6.59599856337493","1.08818330173155","-4.84944295088555","19.688334333744
"Curacao","CUW","GDP growth (annual %)","NY.GDP.MKTP.KD.ZG","","","","","","","","","","","","","","","","","","","","","","","","","","","","","","","","","","","","","","","","","","-0.695753704098053","0.397065216763636","0.288186681651752","0.208461073109362","0.676425345201665","1.635934689
"Cayman Islands","CYM","GDP growth (annual %)","NY.GDP.MKTP.KD.ZG","","","","","","","","","","","","","","","","","","","","","","","","","","","","","","","","","","","","","","","","","","","","","","","","3.16262522652799","-0.357401201092983","-7.20048244664706","-2.71563526217577","1.16906
"Cyprus","CYP","GDP growth (annual %)","NY.GDP.MKTP.KD.ZG","","","","","","","","","","","","","","","","","20.2662921730547","16.3620009518904","7.77740335290356","9.90556937510574","5.7532446998904","2.51699845757436","6.02170898668292","5.5821816938976","8.75789438628421","4.88254076277863","
"Czechia","CZE","GDP growth (annual %)","NY.GDP.MKTP.KD.ZG","","","","","","","","","","","","","","","","","","","","","","","","","","","","","","","","-11.6149423495458","-0.506542342811386","0.0619042232778071","2.90930948518321","6.22140598076074","4.16858427623639","-0.595838399478666","-0
"Germany","DEU","GDP growth (annual %)","NY.GDP.MKTP.KD.ZG","","4.29843956416367","4.62347095715671","2.73529640413565","6.63946990966846","5.24416405342649","2.81218127523948","-0.330256485487851","5.6687730597093","7.41810275269859","5.10314454468531","3.13269976370883","4.30034129666814","4.7
"Djibouti","DJI","GDP growth (annual %)","NY.GDP.MKTP.KD.ZG","","","","","","","","","","","","","","","","","","","","","","","","","","","","","","","","","","","","","","","","","","","","","","","","","","","","","","","7.06154324233921","7.52610891881017","7.1234323372872","5.458091517212",
"Dominica","DMA","GDP growth (annual %)","NY.GDP.MKTP.KD.ZG","","","","","","","","","","","","","","","","","","","10.5357457303524","-18.3592854062592","13.3831821469051","10.829331110484","4.12768352803023","2.55631790150642","4.19664686909998","1.4209331622796","7.07335660054757","6.30756102
"Denmark","DNK","GDP growth (annual %)","NY.GDP.MKTP.KD.ZG","","6.37883247557384","5.66682217271794","0.637021234202351","9.26993821451801","4.55525481407106","2.74091010903234","5.88623123708423","5.85299730027499","6.7991204970002","1.85600177862","3.1778216426269","3.79759815432928","4.719492
"Dominican Republic","DOM","GDP growth (annual %)","NY.GDP.MKTP.KD.ZG","","-2.31324874995225","17.0472409333001","6.50290263397363","6.76486511640712","-12.4818339161577","13.4633448325871","3.32754228723306","0.238860484696104","10.8914458307793","18.2266828796501","10.8714660681825","10.394164
"Algeria","DZA","GDP growth (annual %)","NY.GDP.MKTP.KD.ZG","","-13.6054413245993","-19.6850418256566","34.3137287803281","5.83941300772857","6.20689821107077","-4.80497094328264","9.45296256280155","10.7962385711022","8.4332802824936","8.86265711007658","-11.3317191682878","27.423969480425","3.
"East Asia & Pacific (excluding high income)","EAP","GDP growth (annual %)","NY.GDP.MKTP.KD.ZG","","-13.3282852326933","-0.640292703302507","6.43942142645639","10.7848472660289","10.7817984719634","8.00227381713654","-1.42057038572484","1.77361448148471","11.3845160873324","13.4416904941666","6.
"Early-demographic dividend","EAR","GDP growth (annual %)","NY.GDP.MKTP.KD.ZG","","4.789235158317","4.02545375593917","5.3167911270605","8.35274333654338","6.15812894263419","4.33802755337666","5.66373287632713","7.2268620540507","6.73888429517019","8.37981991501735","5.43181007947938","6.788231
"East Asia & Pacific","EAS","GDP growth (annual %)","NY.GDP.MKTP.KD.ZG","","3.83722221884879","5.44986417796001","7.76387934577861","10.3969479509939","6.96995244674459","8.60752189764769","7.34677664126274","9.32629954003166","11.4757743696969","3.89111268041817","5.27923049110117","7.162530415
"Europe & Central Asia (excluding high income)","ECA","GDP growth (annual %)","NY.GDP.MKTP.KD.ZG","","","","","","","","","","","","","","","","","","","","","","","","","","","","","3.29509933908889","1.24212369565187","2.75734405386603","-4.68636854847804","-4.72245555441245","-2.0511967016583
"Europe & Central Asia","ECS","GDP growth (annual %)","NY.GDP.MKTP.KD.ZG","","5.17878245868306","4.70482189560035","4.86959737099282","5.83269787213447","4.45736408975547","3.80585097928541","3.4628410114824","5.40699245011666","5.95464749029153","5.00023709303336","3.72514013191451","4.67465246
"Ecuador","ECU","GDP growth (annual %)","NY.GDP.MKTP.KD.ZG","","5.12441487887448","4.91914694399127","2.10636824719379","7.40724535940373","3.27508248987445","-0.33952563927852","4.62107394346161","1.90943839737609","4.66923798208919","6.87192932488124","6.29260619739669","5.01764070581541","13.
"Egypt, Arab Rep.","EGY","GDP growth (annual %)","NY.GDP.MKTP.KD.ZG","","5.16111414342448","3.87561672369634","10.5180926173666","11.5075774740325","4.91404229223662","5.04640371248233","0.805264127039209","-1.60679234956356","5.27951751357089","5.59851503851672","4.05734632653112","3.0556806251
"Euro area","EMU","GDP growth (annual %)","NY.GDP.MKTP.KD.ZG","","5.71592492045608","5.76237297276354","4.89263804175357","5.83511177118675","5.03894376875718","4.39708226284678","3.4591349064688","5.66094440133386","7.1345746302526","5.60877832461142","3.76359579970263","4.89804821322839","6.20
"Eritrea","ERI","GDP growth (annual %)","NY.GDP.MKTP.KD.ZG","","","","","","","","","","","","","","","","","","","","","","","","","","","","","","","","","","13.4547625007102","21.2214111876814","2.8583790589487","9.25883856340832","7.90868457794079","1.77258309100318","0.0134800959108077","-3
"Spain","ESP","GDP growth (annual %)","NY.GDP.MKTP.KD.ZG","","11.8386741948325","9.95343810301794","9.5964988741982","5.30851024557097","6.25313489898538","7.24606030950699","4.3403384170755","6.59702013758327","8.90701555527089","4.24497076715369","4.64947343764193","8.14974596246567","7.788465
"Estonia","EST","GDP growth (annual %)","NY.GDP.MKTP.KD.ZG","","","","","","","","","","","","","","","","","","","","","","","","","","","","","","","","-7.99984359444019","-21.1686562081083","-5.74049422033957","-1.64242462249848","4.52668179218792","4.94301778598106","13.0500097186557","4.339
"Ethiopia","ETH","GDP growth (annual %)","NY.GDP.MKTP.KD.ZG","","","4.32609133566719","4.51863392606089","4.09048561145366","5.77193201592007","7.25659803697323","4.06158788001318","4.14218784379459","1.38865740774854","3.48272874063258","6.5264761637235","4.22715958999223","5.10986950748801","3
"European Union","EUU","GDP growth (annual %)","NY.GDP.MKTP.KD.ZG","","5.72567473415062","5.69572908096376","4.79687471696062","5.96343364802243","5.2409738071848","4.27982236218611","3.56237064787157","5.57238347504456","7.03395433974016","5.52939611521464","3.65623721690744","4.77599422184203"
"Fragile and conflict affected situations","FCS","GDP growth (annual %)","NY.GDP.MKTP.KD.ZG","","-0.178687888097599","7.89280743235274","6.47684096604873","5.21377843229331","6.32587699228873","0.874733054092317","-5.78086136678996","6.21730309035983","13.07262633618","12.2291383916885","7.64855
"Finland","FIN","GDP growth (annual %)","NY.GDP.MKTP.KD.ZG","","7.60467047924422","2.98194553610331","3.28509963570332","5.23868659789346","5.30285780228274","2.37282301528174","2.16882888287398","2.30328998355674","9.59328778480042","7.47043264445782","2.3569188982372","7.73548619457567","6.983
"Fiji","FJI","GDP growth (annual %)","NY.GDP.MKTP.KD.ZG","","3.51758199167951","3.60610217922459","6.35877194090919","4.87728074374556","-2.70026693997212","0","13.3518282945216","7.91622158052895","2.59641050832784","12.7027111303007","6.88898664332811","7.48527669636235","11.612868489007","2.6
"France","FRA","GDP growth (annual %)","NY.GDP.MKTP.KD.ZG","","4.80383181443094","6.87169883519508","6.19863484213177","6.42586537928476","4.80791819880264","5.210182982788","4.89635776227404","4.45045710031462","7.11314872350634","6.20032856975085","5.33059874177668","4.53737445384859","6.60998
"Faroe Islands","FRO","GDP growth (annual %)","NY.GDP.MKTP.KD.ZG","","","","","","","","","","","","","","","","","","","","","","","","","","","","","","","","","","","","","","","","","","","","","","","","","","-4.55329824103478","-0.379817991218616","3.56636317884431","7.08148344487884","5.8
"Micronesia, Fed. Sts.","FSM","GDP growth (annual %)","NY.GDP.MKTP.KD.ZG","","","","","","","","","","","","2.30157453484256","1.06691546739161","33.9300078411577","15.3272774471001","0.0742880925754577","0.35632318115853","2.4262143303918","5.64020918447967","2.11922371015503","-7.1964111882130
"Gabon","GAB","GDP growth (annual %)","NY.GDP.MKTP.KD.ZG","","14.7668431868332","7.44921159688671","6.09243528403599","4.55445363440386","8.33333566041171","4.50800456670004","4.11515285426293","2.50880088058756","8.08291043381715","8.67934217556071","10.2587309116899","11.3369706830662","10.182
"United Kingdom","GBR","GDP growth (annual %)","NY.GDP.MKTP.KD.ZG","","2.70131412786594","1.09869614695408","4.85954532830446","5.59481107154178","2.13033296985384","1.56744975796417","2.77573770930934","5.47269288959338","1.93913785964371","2.70858146236598","3.50471745311494","4.32166756962231
"Georgia","GEO","GDP growth (annual %)","NY.GDP.MKTP.KD.ZG","","4.86594070054342","5.11301649671694","4.20187909672116","5.42958764979342","10.5586366152245","7.53566314896325","6.25308215800375","4.45558340295182","4.7765040433662","12.0520758237564","2.47133179427014","2.83646033387501","6.482
"Ghana","GHA","GDP growth (annual %)","NY.GDP.MKTP.KD.ZG","","3.42967401462874","4.10915860625774","4.40597419943647","2.20932750184639","1.36899886970954","-4.25829036972007","3.07536405007809","0.368860328659636","6.00617496624768","9.72347258708628","5.2161245570606","-2.48765540214929","2.88
"Gibraltar","GIB","GDP growth (annual %)","NY.GDP.MKTP.KD.ZG","","","","","","","","","","","","","","","","","","","","","","","","","","","","","","","","","","","","","","","","","","","","","","","","","","","","","","","","","","","","","","","","",                                          
"Guinea","GIN","GDP growth (annual %)","NY.GDP.MKTP.KD.ZG","","","","","","","","","","","","5.36581840766522","2.31517953300373","1.567286805691","5.25022118210843","2.87692057391091","7.92336831492435","-3.35306984404892","6.79626447493203","-1.2078607444173","2.60138796577117","0.609737155239
"Gambia, The","GMB","GDP growth (annual %)","NY.GDP.MKTP.KD.ZG","","","","","","","","0","9.57614347228663","2.43552288111326","6.15384657262285","-0.0658770394050947","0.241704785011237","9.25032925345546","5.87879361029783","12.3934290906923","7.35122573247521","3.43957605958968","6.3164463097
"Guinea-Bissau","GNB","GDP growth (annual %)","NY.GDP.MKTP.KD.ZG","","","","","","","","","","","","-3.91096745830764","6.37486089368753","1.10989279037214","4.55924104815846","7.84558431997402","4.94345530491698","-7.17006997088463","13.1260433802209","1.99414436256637","-15.9526514986135","18.
"Equatorial Guinea","GNQ","GDP growth (annual %)","NY.GDP.MKTP.KD.ZG","","","","","","","","","","","","","","","","","","","","","","5.76942050301955","2.20167594636722","5.00438719582668","1.01138167040003","12.9051788684821","-2.33055635744239","4.43673736244361","2.6552621825882","-1.2291780
"Greece","GRC","GDP growth (annual %)","NY.GDP.MKTP.KD.ZG","","13.2038411488938","0.364810821762347","11.8448662648483","9.40967729459825","10.7680111912945","6.4945011330868","5.66948538110917","7.20371933494901","11.5636680387996","8.93058000961291","7.84117728628885","10.1601513015239","8.092
"Grenada","GRD","GDP growth (annual %)","NY.GDP.MKTP.KD.ZG","","","","","","","","","","","","","","","","","","","5.34140218518347","5.60208348590967","-0.534783988422475","1.53418747275683","4.12426157156393","3.63257489695788","3.56846533761095","5.97970814111039","7.19427376957988","9.097425
"Greenland","GRL","GDP growth (annual %)","NY.GDP.MKTP.KD.ZG","","","","","","","","","","","","13.0608513612033","6.17727355508018","6.80600898222268","5.70625399277014","0.64624014300631","5.959208506051","8.82231529693058","6.01671719108315","4.86059746427543","8.67600626452334","0.6652795719
"Guatemala","GTM","GDP growth (annual %)","NY.GDP.MKTP.KD.ZG","","4.29851834874688","3.53650126284866","9.54104393054875","4.63299243190491","4.36176931452728","5.51210399019357","4.11217561696343","8.76603505425516","4.73690901583991","5.70788359811974","5.58375454736793","7.33305162061406","6.
"Guam","GUM","GDP growth (annual %)","NY.GDP.MKTP.KD.ZG","","","","","","","","","","","","","","","","","","","","","","","","","","","","","","","","","","","","","","","","","","","","0.879314134974734","6.49378949662236","3.64231634949867","-3.65251727541954","0.717213114754102","2.034587995
"Guyana","GUY","GDP growth (annual %)","NY.GDP.MKTP.KD.ZG","","4.68952431164918","1.10492580955443","-12.2786572607531","11.3602823799386","10.5410187618772","5.23327389402719","4.31362182924127","1.02482755310702","6.99438665753721","4.25545689303152","3.11285084398625","-3.3176709348416","1.24
"High income","HIC","GDP growth (annual %)","NY.GDP.MKTP.KD.ZG","","4.46186821557917","5.60757672824165","5.05019711535479","6.36414297613763","5.53338685129199","5.51785291574403","3.8190247901462","5.89796493908761","5.61952544846996","3.03729703357492","3.92724760900909","5.49981900723915","6
"Hong Kong SAR, China","HKG","GDP growth (annual %)","NY.GDP.MKTP.KD.ZG","","","14.2912621359223","15.7638543173","8.62810413794044","14.6420088225314","1.79457243242946","1.60354956303543","3.39761832837814","11.3432973521543","9.20670432208735","7.29283025548722","10.6119418230963","12.2797421
"Honduras","HND","GDP growth (annual %)","NY.GDP.MKTP.KD.ZG","","1.85565932082044","5.7648460405449","3.58043670755038","5.41664557116319","9.03715648855948","5.37384227069569","5.9775428581696","6.59818324459849","0.655438846570291","3.62672094031046","3.99500360693281","5.76230488242371","7.86
"Heavily indebted poor countries (HIPC)","HPC","GDP growth (annual %)","NY.GDP.MKTP.KD.ZG","","-0.144227410362063","7.22902479498218","3.39226539639684","3.42947368637442","3.95237353857658","3.89802768323182","2.41568825601132","4.55704315032656","4.54250130098499","0.0570015900947425","4.56335
"Croatia","HRV","GDP growth (annual %)","NY.GDP.MKTP.KD.ZG","","","","","","","","","","","","","","","","","","","","","","","","","","","","","","","","-21.0886706622441","-11.7132904577233","-8.02558205873851","5.87047473795081","6.75847707132475","6.10898092547333","6.16799075879069","2.2516
"Haiti","HTI","GDP growth (annual %)","NY.GDP.MKTP.KD.ZG","","-2.93198029126782","7.88757589385567","-1.89279255057041","-1.64735736887533","2.16179786144892","-0.575786801046178","-2.11768620106355","3.18161732148926","3.81194328486592","0.651153708034172","6.48038050132288","0.977107758966667"
"Hungary","HUN","GDP growth (annual %)","NY.GDP.MKTP.KD.ZG","","4.70000000000019","6.0999999999998","5.69999999999997","4.70000000000019","42.4104142671797","7.40000000000069","7.49999999999966","4.89999999999957","6.90000000000022","4.70000000000037","6.19999999999972","6.0999999999994","6.9000
"IBRD only","IBD","GDP growth (annual %)","NY.GDP.MKTP.KD.ZG","","1.1810682431075","3.11471992716986","4.73243471523715","8.19960321925082","6.20805459510572","5.61926258339244","4.12557833002758","6.35497329475061","7.90476002993637","7.7073286195868","6.11864375560404","6.66663585023896","7.04
"IDA & IBRD total","IBT","GDP growth (annual %)","NY.GDP.MKTP.KD.ZG","","1.18418657965707","3.55547586005176","4.75519140867394","7.6723715937644","5.94361461893034","5.02855390628025","3.19032713470551","6.0301130187737","8.04888833209765","7.77765035795228","6.15231409365946","5.98287403017967
"IDA total","IDA","GDP growth (annual %)","NY.GDP.MKTP.KD.ZG","","1.20178789742116","5.92327679336439","4.87420195218715","4.91883873562678","4.51935843868291","1.7789321896027","-2.20143184174229","4.04946884409594","8.94709661998338","8.21170292359608","6.35718413261345","1.83179807120753","4.
"IDA blend","IDB","GDP growth (annual %)","NY.GDP.MKTP.KD.ZG","","1.39524820672045","4.35914649542556","7.93827608968761","5.22797664246097","5.80369552742357","-0.000538043748662176","-7.55457905254323","2.43548645087046","15.5912046123099","17.7421953960915","10.5287965451824","4.0254947039322
"Indonesia","IDN","GDP growth (annual %)","NY.GDP.MKTP.KD.ZG","","5.74064582266813","1.84197770236842","-2.23702998571657","3.52969814993797","1.08158946626055","2.79134682484525","1.38040280607036","10.9151785714295","6.82229824913614","7.55463451394223","7.02399719740848","7.03764320785962","8
"IDA only","IDX","GDP growth (annual %)","NY.GDP.MKTP.KD.ZG","","","7.14224832109956","2.54830930797729","4.6718429000654","3.48774321551923","3.24023885914313","2.05022455409483","5.19739791528357","4.34560769426531","0.899846448070463","2.6752176950997","-0.252511640374792","2.74281513595835",
"Isle of Man","IMN","GDP growth (annual %)","NY.GDP.MKTP.KD.ZG","","","","","","","","","","","","","","","","","","","","","","","","","","0.418923089884345","19.1055382978016","9.89634675563862","11.8293565492151","6.84521310342541","4.1869768973626","1.60499284257345","0.800002489771529","2.5
"India","IND","GDP growth (annual %)","NY.GDP.MKTP.KD.ZG","","3.72274253311053","2.93112773548363","5.99435326188559","7.45295012250209","-2.63577011020728","-0.0553287704537979","7.82596303082235","3.38792917634143","6.53970029928357","5.15722973718955","1.64293037527582","-0.553301305344547","
"Not classified","INX","GDP growth (annual %)","NY.GDP.MKTP.KD.ZG","","","","","","","","","","","","","","","","","","","","","","","","","","","","","","","","","","","","","","","","","","","","","","","","","","","","","","","","","","","","","","","","",                                     
"Ireland","IRL","GDP growth (annual %)","NY.GDP.MKTP.KD.ZG","","5.01616911525812","3.21644442741567","4.74463421958941","3.78596155115389","1.93345000050964","0.893092501243146","5.78570426266403","8.2439288034857","5.86385507267593","2.66052929782154","3.46988795315421","6.48980614754184","4.72
"Iran, Islamic Rep.","IRN","GDP growth (annual %)","NY.GDP.MKTP.KD.ZG","","10.3909183549936","7.90926792965348","7.04207522912898","8.4752282487852","17.0357115203008","11.5024072848283","11.2528030961675","14.4041826754731","15.516658908089","10.9276016296551","13.7015829939221","14.49901584863
"Iraq","IRQ","GDP growth (annual %)","NY.GDP.MKTP.KD.ZG","","7.32576806556308","4.60334575305544","2.44770235047196","14.8265142723807","10.763880165144","4.96287661149815","-8.85681547611026","19.5121002571341","3.24418646059578","4.54435706401779","5.37455253303425","3.73530378696596","4.41875
"Iceland","ISL","GDP growth (annual %)","NY.GDP.MKTP.KD.ZG","","-0.0741839762608976","8.3147735708981","10.2810143934204","9.88191423244247","7.29638009049762","8.75065893516091","-1.26030053320414","-5.49828178694166","2.38961038961045","7.45814307458141","13.0608376486118","6.17733443919177","
"Israel","ISR","GDP growth (annual %)","NY.GDP.MKTP.KD.ZG","","11.2038906187628","10.1561172182462","10.6957231497208","7.93718642275134","8.99794750184645","-0.0796470240328091","2.9950264634292","16.2419518797074","13.5657021560075","7.30733553016547","10.9510709059369","12.1465549312384","5.5
"Italy","ITA","GDP growth (annual %)","NY.GDP.MKTP.KD.ZG","","8.20724591384767","6.20365045787132","5.60972797819845","2.7977022791148","3.2680237196418","5.98479422519729","7.1786124655618","6.54455465470525","6.09805999558604","5.31050242854883","1.81810794983524","3.69048580971987","7.1258622
"Jamaica","JAM","GDP growth (annual %)","NY.GDP.MKTP.KD.ZG","","","","","","","","1.80863851891932","5.74413221562095","5.57467387070459","12.0644090390179","2.45807345173921","18.0085552919374","-5.48550909116176","-4.22926130986544","-0.2560922569144","-6.69424509512822","-2.5975486976381","-0
"Jordan","JOR","GDP growth (annual %)","NY.GDP.MKTP.KD.ZG","","","","","","","","","","","","","","","","","","8.29840885389549","14.6795660169677","20.8029092647022","11.1848464618952","17.1787174397625","7.02594338703244","-2.21973855445965","4.29168776522455","-2.70694716427624","5.5046342418
"Japan","JPN","GDP growth (annual %)","NY.GDP.MKTP.KD.ZG","","12.0435364080117","8.90897299558067","8.47364238279388","11.6767081963981","5.81970787298272","10.6385615591626","11.0821423246927","12.8824681383236","12.4778945144972","0.399050644662793","4.6989920423419","8.413547255176","8.032599
"Kazakhstan","KAZ","GDP growth (annual %)","NY.GDP.MKTP.KD.ZG","","","","","","","","","","","","","","","","","","","","","","","","","","","","","","","","-11.0000000016926","-5.29999999893468","-9.20000000203308","-12.5999999983168","-8.2000000011824","0.500000002073506","1.69999999949513","-
"Kenya","KEN","GDP growth (annual %)","NY.GDP.MKTP.KD.ZG","","-7.77463490371655","9.45735874072126","8.77834021621184","4.96446728844091","2.00909417103099","14.7285664015687","3.36123203258556","7.9826899693479","7.9592244594956","-4.65544691647621","22.1738919255764","17.082429349983","5.89658
"Kyrgyz Republic","KGZ","GDP growth (annual %)","NY.GDP.MKTP.KD.ZG","","","","","","","","","","","","","","","","","","","","","","","","","","","","3.2999683719047","13.2000300558198","2.78975093876642","5.70279663301396","-7.94392523772915","-13.8378377984379","-15.4593282242512","-20.0851588
"Cambodia","KHM","GDP growth (annual %)","NY.GDP.MKTP.KD.ZG","","","","","","","","","","","","","","","","","0","-14.6764073144395","0","-12.8285637744816","-5.66840616410634","0.0410921165318001","0","4.43340631077345","4.93207926062351","4.67018404006252","3.80081800784569","21.5315192666416"
"Kiribati","KIR","GDP growth (annual %)","NY.GDP.MKTP.KD.ZG","","","","","","","","","","","","-2.29006002273755","12.0792270711954","20.9098828890047","45.3027533157077","5.34441976886055","-26.768232358117","-4.61262962866989","1.05959352122285","-11.584994159295","-1.0793657199724","6.1221942
"St. Kitts and Nevis","KNA","GDP growth (annual %)","NY.GDP.MKTP.KD.ZG","","","","","","","","","","","","","","","","","","","3.90990418237138","7.5976750284066","8.44012103734693","1.54690338408525","0.547738044741152","1.18672046955245","8.86580745735674","8.55006826734157","10.8569938490329"
"Korea, Rep.","KOR","GDP growth (annual %)","NY.GDP.MKTP.KD.ZG","","6.93599265224405","3.89527253075299","9.02056828279763","9.47382471805444","7.31843358022128","11.9939566084487","9.0796065539801","13.1657682900767","14.5613666963927","10.0527348072623","10.5455135521971","7.21436072179991","1
"Kuwait","KWT","GDP growth (annual %)","NY.GDP.MKTP.KD.ZG","","","","","","","","","","","","7.04368095489498","3.90077636977662","-6.57007472476863","-12.9913196130423","-12.2744086966918","6.6061845107545","-3.84753686100728","7.35477437313764","13.8992104051842","-19.4107452350066","-18.92473
"Latin America & Caribbean (excluding high income)","LAC","GDP growth (annual %)","NY.GDP.MKTP.KD.ZG","","6.16268144127028","4.34556298272449","1.75931573419177","7.60941995795714","5.86950804544801","4.63766125260454","4.44961135987552","7.4483981378354","6.90208015805891","6.81082269491139","6
"Lao PDR","LAO","GDP growth (annual %)","NY.GDP.MKTP.KD.ZG","","","","","","","","","","","","","","","","","","","","","","","","","","5.06996394724837","4.88513326275412","-1.42579238293395","-2.01020105305003","14.1906366290998","6.70457869081514","4.29656364110154","5.55985776817542","5.9125
"Lebanon","LBN","GDP growth (annual %)","NY.GDP.MKTP.KD.ZG","","","","","","","","","","","","","","","","","","","","","","","","","","","","","","-42.4511182157698","26.5331600932491","49.4473791849141","16.4383457045728","10.7656697971889","8.10524197734502","6.44886256985258","11.28593571616
"Liberia","LBR","GDP growth (annual %)","NY.GDP.MKTP.KD.ZG","","2.43998542296508","1.3446060733405","2.27446063593885","5.15196130203739","4.79378627844778","7.70265600116069","6.74579084966074","4.76887169722187","7.28847299452673","6.66319270701399","4.90483027900189","4.14049563165185","-2.25
"Libya","LBY","GDP growth (annual %)","NY.GDP.MKTP.KD.ZG","","9.89580391901764","32.5246410009676","35.0203767261421","45.0716938128605","28.1488789645187","18.5921637345644","11.1100869677181","33.8639151717893","13.0878908208299","4.95074891903874","-5.27752502339565","9.12584054018133","1.936
"St. Lucia","LCA","GDP growth (annual %)","NY.GDP.MKTP.KD.ZG","","","","","","","","","","","","","","","","","","","10.3119407617241","3.79273440292036","-2.22052811020254","6.31025315590261","2.08634210684508","4.96538398505454","7.26557365165689","8.28776508696711","14.4020192775924","3.92373
"Latin America & Caribbean","LCN","GDP growth (annual %)","NY.GDP.MKTP.KD.ZG","","6.13385516921755","4.31416822217308","2.08354483594499","7.26745329125072","5.68369861026213","4.95362920124967","4.34933563673103","7.11334658871796","6.83460299437344","6.52252058364738","6.87556725635932","7.162
"Least developed countries: UN classification","LDC","GDP growth (annual %)","NY.GDP.MKTP.KD.ZG","","","7.4802431906231","2.03908637292731","3.67214447529773","3.7308537065355","3.34840132795082","1.07951829007995","5.18077964391242","3.27668471897285","-0.663188030014311","1.73359239301558","-1
"Low income","LIC","GDP growth (annual %)","NY.GDP.MKTP.KD.ZG","","","","","","","","","3.49533060981082","5.73927261696505","2.8928523832263","4.73397415261032","1.73288960561482","1.56763266009317","5.84281878202985","2.52297556974412","3.14554186299063","2.79077781262296","-0.035200680413439"
"Liechtenstein","LIE","GDP growth (annual %)","NY.GDP.MKTP.KD.ZG","","","","","","","","","","","","1.66922206623059","1.6692195289189","1.6692256792973","1.66922246260894","1.66923225070657","4.75867210711398","4.75867708458514","4.75867684230937","4.75867142807277","4.75867251061639","4.814820
"Sri Lanka","LKA","GDP growth (annual %)","NY.GDP.MKTP.KD.ZG","","","3.81801955808436","2.51674859433071","3.90643383678592","2.5369535357154","5.0237894383188","6.43902442038787","5.80109416633509","7.71681966188686","3.84662985663837","1.30690539651886","-0.410479911058076","7.05739893467769",
"Lower middle income","LMC","GDP growth (annual %)","NY.GDP.MKTP.KD.ZG","","3.26768673141342","3.78831644412199","6.10748606355924","6.52919297631536","2.07170687964788","1.40265409762988","1.63434421288997","3.90086118210493","7.88164733437881","7.20388745398705","4.8079248606081","1.7136134411
"Low & middle income","LMY","GDP growth (annual %)","NY.GDP.MKTP.KD.ZG","","1.03191016890736","3.59213998308614","4.80322066141044","7.83216916998788","6.07889514173661","4.93709093329801","3.22480161183351","6.1122272175337","8.1535476391758","7.93481976512346","6.17807260357822","6.15584989492
"Lesotho","LSO","GDP growth (annual %)","NY.GDP.MKTP.KD.ZG","","1.86479515845272","15.331814336689","10.61506995942","8.25111816012223","2.15410555150743","-0.405521384253262","10.9120615281481","-0.367120035797669","1.54753668338866","2.17707116764228","5.11371769989597","-0.202708350280261","2
"Late-demographic dividend","LTE","GDP growth (annual %)","NY.GDP.MKTP.KD.ZG","","-3.63106112404881","2.96854550737615","4.12980757401391","7.17874060545086","6.93434597187732","7.68423681776007","1.79609305951641","5.2125127297564","9.94300925459963","10.8077227598129","8.50760639469897","7.873
"Lithuania","LTU","GDP growth (annual %)","NY.GDP.MKTP.KD.ZG","","","","","","","","","","","","","","","","","","","","","","","","","","","","","","","","-5.6756629972481","-21.2589705631251","-16.2268623785219","-9.76605203702381","3.29008018404171","5.02694271172778","8.30062980536432","7.46
"Luxembourg","LUX","GDP growth (annual %)","NY.GDP.MKTP.KD.ZG","","3.82998312174064","1.35867767094868","3.43910854038505","7.86582881901576","-0.734933604480887","1.10590411235903","0.216730811573299","4.18387242679023","9.97285794333038","1.75993383128403","2.66723358567738","6.59819847753964"
"Latvia","LVA","GDP growth (annual %)","NY.GDP.MKTP.KD.ZG","","","","","","","","","","","","","","","","","","","","","","","","","","","","","","","","-12.5952217915856","-32.1185704640615","-4.98297984318285","2.18991178652719","-0.944760634359724","2.29995474603908","9.17148470468949","6.549
"Macao SAR, China","MAC","GDP growth (annual %)","NY.GDP.MKTP.KD.ZG","","","","","","","","","","","","","","","","","","","","","","","","10.0217013040333","8.46023989338072","0.73235467592896","6.69453344827025","14.2929008064147","7.81193731243748","5.02400039588282","7.98063444571402","3.658
"St. Martin (French part)","MAF","GDP growth (annual %)","NY.GDP.MKTP.KD.ZG","","","","","","","","","","","","","","","","","","","","","","","","","","","","","","","","","","","","","","","","","","","","","","","","","","","","","","","","1","5","-8.00000324038295","-7.99999506898229","6.500
"Morocco","MAR","GDP growth (annual %)","NY.GDP.MKTP.KD.ZG","","","","","","","","10.0288413593661","9.89173930674043","8.36216535672018","4.71346037515517","5.5968936595313","2.43723734665467","3.55931083241548","5.59604994440339","7.55822156113805","10.8127813442855","6.0591676788529","2.23266
"Monaco","MCO","GDP growth (annual %)","NY.GDP.MKTP.KD.ZG","","","","","","","","","","","","5.22806002306334","4.64830962143698","6.55375750568663","4.47461105113078","-0.972637494746181","4.41162878464969","3.55323607971012","3.95355130351356","3.53420492941619","1.68545743376301","0.922378365
"Moldova","MDA","GDP growth (annual %)","NY.GDP.MKTP.KD.ZG","","","","","","","","","","","","","","","","","","","","","","","","","","","","","","","","-16.0000002715149","-29.0999999176414","-1.1999999330268","-30.9000002261447","-1.39999905491376","-5.87706028626823","1.64706456037401","-6.5
"Madagascar","MDG","GDP growth (annual %)","NY.GDP.MKTP.KD.ZG","","2.04863275061248","2.27106970111232","-0.929401622790394","3.96251884651457","-0.452253863397502","2.06455240789826","5.52856560967709","6.8287860983493","3.72122216809368","5.27645557543077","3.92936503078364","-1.27262153096891
"Maldives","MDV","GDP growth (annual %)","NY.GDP.MKTP.KD.ZG","","","","","","","","","","","","5.20722636743763","2.424242417564","1.57790928646548","5.72815531465662","-7.98898069181058","0.59880238570986","11.2523540290922","14.684722846568","10.6642066212294","18.5728576106626","11.7647058888
"Middle East & North Africa","MEA","GDP growth (annual %)","NY.GDP.MKTP.KD.ZG","","6.16830049617758","5.41562336147148","10.8091315447482","9.85031047198264","12.6942030630796","6.72749116563112","7.97102377507761","12.7674166359016","10.8687934130859","17.8095541816723","9.51162360561982","14.3
"Mexico","MEX","GDP growth (annual %)","NY.GDP.MKTP.KD.ZG","","5.00000000072309","4.66441467253127","8.10688692761114","11.9054807657866","7.09999999747173","6.09613930256681","5.85492487897324","9.42327881831926","3.41862002349839","6.50248403469675","3.76246768495716","8.22880731245257","7.861
"Marshall Islands","MHL","GDP growth (annual %)","NY.GDP.MKTP.KD.ZG","","","","","","","","","","","","2.30991167674838","1.08184217262028","33.9227598520054","15.3231418916795","0.0602602050046528","0.361333947705901","2.43024226925175","5.62390414590249","2.1353285160797","-7.19522267447481","
"Middle income","MIC","GDP growth (annual %)","NY.GDP.MKTP.KD.ZG","","1.16835707536423","3.3087227286867","4.93014358857926","8.11694646031069","6.17050434735104","4.99773757537127","3.25623078466619","6.20482426374993","8.23679564171222","8.10466309834632","6.22406139633486","6.29472772689333",
"North Macedonia","MKD","GDP growth (annual %)","NY.GDP.MKTP.KD.ZG","","","","","","","","","","","","","","","","","","","","","","","","","","","","","","","","-6.17076764806545","-6.56519867685854","-7.46927131858557","-1.75816618126913","-1.11472769414412","1.18510388873231","1.4399813365912
"Mali","MLI","GDP growth (annual %)","NY.GDP.MKTP.KD.ZG","","","","","","","","","3.70841019648689","0.230999419524821","6.13695486255888","2.56899602355828","5.84401643095509","-1.45511580192979","-1.528826102384","11.625049137452","13.6234385336651","6.34864719393605","-1.46347633199167","10.3
"Malta","MLT","GDP growth (annual %)","NY.GDP.MKTP.KD.ZG","","","","","","","","","","","","2.45399361227825","5.83832702652147","4.14613837325986","10.0364039597072","19.5600808646509","17.0170895648023","12.1841698013334","11.1611581906174","10.4907731676094","7.04971121492008","3.311762074426
"Myanmar","MMR","GDP growth (annual %)","NY.GDP.MKTP.KD.ZG","","0.471561080379175","4.08687253044889","13.3492949251208","-5.8940188396242","10.6926495101691","-4.85177870419901","-5.92525888262607","12.0593401836478","3.29174112062336","4.97933059716335","4.12996244451452","2.43584137286746","-
"Middle East & North Africa (excluding high income)","MNA","GDP growth (annual %)","NY.GDP.MKTP.KD.ZG","","3.36870916476452","2.3115765317791","11.6470925584902","10.6006639095527","12.5134419693704","7.36932281495399","7.89158998820602","13.1676014370928","11.7844548892303","8.37624126468609","
"Montenegro","MNE","GDP growth (annual %)","NY.GDP.MKTP.KD.ZG","","","","","","","","","","","","","","","","","","","","","","","","","","","","","","","","","","","","","","","4.90000584633145","-9.39999812434989","3.10000005928039","1.09983870937067","1.9039367333292","2.48265922878484","4.42
"Mongolia","MNG","GDP growth (annual %)","NY.GDP.MKTP.KD.ZG","","","","","","","","","","","","","","","","","","","","","","","8.34213611505781","5.83403795449493","5.93341945270095","5.71287226080142","9.37499451271673","3.45864847134953","5.10797231165017","4.17819574333862","-3.1844601782520
"Northern Mariana Islands","MNP","GDP growth (annual %)","NY.GDP.MKTP.KD.ZG","","","","","","","","","","","","","","","","","","","","","","","","","","","","","","","","","","","","","","","","","","","","0.343170899107761","-3.07797537619699","-12.7028934368384","-6.87146321746161","-6.684027
"Mozambique","MOZ","GDP growth (annual %)","NY.GDP.MKTP.KD.ZG","","","","","","","","","","","","","","","","","","","","","","5.00000295422545","-6.89999944211014","-15.7000020371946","-6.49999987937372","0.99999672066555","-2.29999602682032","14.7000004232617","8.19999518020626","6.50000455373
"Mauritania","MRT","GDP growth (annual %)","NY.GDP.MKTP.KD.ZG","","","0.726608378640378","-1.9837675752011","27.6908863519324","16.1383305020503","0.230961966714773","3.56713289695298","10.1964426246682","1.24853208914932","11.985931150312","1.84288643786725","-0.732907867878879","-4.58475693319
"Mauritius","MUS","GDP growth (annual %)","NY.GDP.MKTP.KD.ZG","","22.8490949956659","0.806486902725595","13.8945256143361","-6.889492993565","3.1969798965965","-3.56820454752456","4.38412936446954","-6.88965573613312","4.93297089035192","-0.402343022292044","4.27356344804602","8.346362138584","1
"Malawi","MWI","GDP growth (annual %)","NY.GDP.MKTP.KD.ZG","","7.63959785582064","0.668364743563373","-1.39107851792824","2.66110326799726","13.6164934203186","13.2490363222993","7.28154994348667","-1.92307916774375","5.88235989261243","0.479297977511649","16.2185636344396","6.23134901058584","2
"Malaysia","MYS","GDP growth (annual %)","NY.GDP.MKTP.KD.ZG","","7.59799400028281","6.42102960904312","7.33880352682334","5.35896290971056","7.68486347467319","7.81671102618819","3.85714649161983","7.97799464201174","4.88853365256124","5.98653863031986","10.0346605803438","9.38844499098961","11.
"North America","NAC","GDP growth (annual %)","NY.GDP.MKTP.KD.ZG","","2.36540607237986","6.19895367556738","4.46664969983739","5.86788679535792","6.39285251764798","6.52360846484834","2.54896284917407","4.81471101717077","3.25318097934372","0.433701017705928","3.35169833908135","5.27513881530608
"Namibia","NAM","GDP growth (annual %)","NY.GDP.MKTP.KD.ZG","","","","","","","","","","","","","","","","","","","","","","0.97144950015074","-0.39809074411238","-1.82345037490559","-0.236891525045252","0.464171261803401","4.76726966632827","3.55376914117605","0.813148942821115","1.858674962307
"New Caledonia","NCL","GDP growth (annual %)","NY.GDP.MKTP.KD.ZG","","","","","","","-3.84857770117728","5.40079144250699","14.2625546890163","15.7163133858644","30.9992897319458","6.99921567606989","3.39849954627249","-11.1993086277225","12.7011152022729","6.49947180461912","2.29999821375679","
"Niger","NER","GDP growth (annual %)","NY.GDP.MKTP.KD.ZG","","4.54639303660171","10.2787134988997","9.42822932000833","0.131039891085265","6.91976181761041","-0.382497199220253","0.122868671816278","0.383494663073563","-5.48594581331632","3.05577892202147","5.67932064048378","-5.16627230276924",
"Nigeria","NGA","GDP growth (annual %)","NY.GDP.MKTP.KD.ZG","","0.191795489572428","4.10299258867985","8.57861891529707","4.95048866604155","4.88497683412901","-4.25051418415495","-15.7436282082051","-1.24836024581202","24.1973839456806","25.0072419293896","14.237531556251","3.36426203503635","5
"Nicaragua","NIC","GDP growth (annual %)","NY.GDP.MKTP.KD.ZG","","7.49774339849093","10.8907983290977","10.8654792457821","11.6984790301544","9.52515582624807","3.30113639858887","6.96951382476809","1.34296005265668","6.23770390833241","1.35382659012741","3.30475650020483","2.22072289181064","6.
"Netherlands","NLD","GDP growth (annual %)","NY.GDP.MKTP.KD.ZG","","0.295546672716469","6.84350732102888","3.62462153047356","8.27490393060437","8.64309493575016","2.7411043345549","5.2800147469767","6.41613403990091","6.429449077591","6.14018170003921","4.31698038854218","3.53387463914405","5.4
"Norway","NOR","GDP growth (annual %)","NY.GDP.MKTP.KD.ZG","","6.27333551040741","2.81394513844533","3.78504308366048","5.00965098662387","5.2856088005522","3.78651325489743","6.25607900635555","2.25987552819262","4.50461145559143","1.94330050548339","5.67361118590561","5.33060485848208","4.5329
"Nepal","NPL","GDP growth (annual %)","NY.GDP.MKTP.KD.ZG","","1.90826597185792","1.91032003077318","1.8951116447969","7.53244855243838","-1.2031890181289","7.04064314491161","-1.57149749972123","0.675483463270709","4.46342160331348","2.57599212685933","-1.19538330251048","3.1178003639786","-0.47
"Nauru","NRU","GDP growth (annual %)","NY.GDP.MKTP.KD.ZG","","","","","","","","","","","","2.89838710299509","2.89838752650482","2.89838774607807","2.89838720614779","2.89838757333571","-2.8167473190676","-2.81674697227385","-2.81674748221556","-2.81674727483777","-2.81674687485041","-2.8167473
"New Zealand","NZL","GDP growth (annual %)","NY.GDP.MKTP.KD.ZG","","3.31564965480389","3.08087345285604","6.10211735868668","6.10328462223231","6.1117318637838","6.24846226221013","-4.58942404013779","-0.0488485286227274","10.194671898837","-1.3976075997231","3.78545761922982","5.11910770948786"
"OECD members","OED","GDP growth (annual %)","NY.GDP.MKTP.KD.ZG","","4.39928109310613","5.55151774553433","5.0885414072265","6.43911129153503","5.4596661713347","5.55113599916631","3.81779970102399","5.94544462792605","5.52372562491988","2.76600824910911","3.76286627524563","5.38043439558137","6
"Oman","OMN","GDP growth (annual %)","NY.GDP.MKTP.KD.ZG","","1.13960640396104","20.1877918765272","4.5312435589145","0.074739447130284","100447998.405676","5.20446366819129","66.2190836702255","81.8877967363546","25.6661688006167","13.8950964378378","0.898225100183055","9.82522415284279","-14.25
"Other small states","OSS","GDP growth (annual %)","NY.GDP.MKTP.KD.ZG","","","","","","","","","","","","","","","","","18.9302770856188","10.6822946071782","6.3776027880202","12.644011349858","-1.81941045691302","-7.2436965930995","1.0303522388392","1.9598558532161","3.09983666677074","0.724762
"Pakistan","PAK","GDP growth (annual %)","NY.GDP.MKTP.KD.ZG","","5.98734641929141","4.48285862750326","8.68883151825786","7.56975744902432","10.4193658220408","5.78995180142022","5.4006125972184","7.23322092498739","5.5078996342957","11.3534617181927","0.468372548493363","0.813406404584697","7.0
"Panama","PAN","GDP growth (annual %)","NY.GDP.MKTP.KD.ZG","","10.9265948267107","8.24473681154529","8.53878880093744","4.43213037380107","9.16003626128517","7.58140189094725","8.5529311726505","6.9773886296279","8.4413891734721","6.95922610008064","9.61613758182463","4.58281250323684","5.364310
"Peru","PER","GDP growth (annual %)","NY.GDP.MKTP.KD.ZG","","7.34709633145569","10.0352933342212","4.32824981844591","6.54786765047102","5.62173344947736","8.2389204457594","3.85256440782895","0.152237710931757","3.51445891251396","3.36594600332614","4.59053992759885","3.47753512310473","6.27693
"Philippines","PHL","GDP growth (annual %)","NY.GDP.MKTP.KD.ZG","","5.69547095029755","4.84629418915898","7.01626518416583","3.40249443571273","5.34508932932236","4.4411585340256","5.22268758922664","5.03815939692956","4.68947344100819","3.69248748654796","5.38900841621259","5.43038749392343","8
"Palau","PLW","GDP growth (annual %)","NY.GDP.MKTP.KD.ZG","","","","","","","","","","","","0.126339611580221","0.3413013392626","0.202024553629144","0.105534658034443","0.0252666400617443","-0.0415240695017616","1.43010429284011","-0.488594888107514","-0.374146925110423","-0.374144776817957","-
"Papua New Guinea","PNG","GDP growth (annual %)","NY.GDP.MKTP.KD.ZG","","6.18111172492752","6.37409931200521","4.07252177318168","8.57028153120143","10.2685198038056","5.8137579823151","4.07046147460628","4.35959025088704","8.27345794779133","10.8428057776823","6.29519256737012","5.6435533711489
"Poland","POL","GDP growth (annual %)","NY.GDP.MKTP.KD.ZG","","","","","","","","","","","","","","","","","","","","","","","","","","","","","","","","-7.01557879301123","2.51497861350261","3.73831029461471","5.292802066626","7.92965956313934","6.09387747385628","6.35890635030509","4.621611337
"Pre-demographic dividend","PRE","GDP growth (annual %)","NY.GDP.MKTP.KD.ZG","","-0.289597629058605","6.13025890328072","5.80690524276035","4.68787192661107","4.43351919582962","1.1676379302866","-5.79215522333412","3.6310102466465","11.3794964124821","8.65295144376886","9.41604242670806","3.415
"Puerto Rico","PRI","GDP growth (annual %)","NY.GDP.MKTP.KD.ZG","","7.04173847056543","8.32331253214566","8.65104700867182","7.06092372128818","9.204842464826","7.49914839628794","6.2232233534659","5.18043459789826","9.37523403803715","8.39791794437848","6.36544857550854","7.17357497675278","6.3
"Korea, Dem. People's Rep.","PRK","GDP growth (annual %)","NY.GDP.MKTP.KD.ZG","","","","","","","","","","","","","","","","","","","","","","","","","","","","","","","","","","","","","","","","","","","","","","","","","","","","","","","","","","","","","","","","",                          
"Portugal","PRT","GDP growth (annual %)","NY.GDP.MKTP.KD.ZG","","5.53490347567522","6.61444776877343","5.87370211616312","6.31074738257486","7.46898852994387","4.07790943398128","7.54448252895008","8.87550923376672","2.12074116169651","9.11384195989882","6.631652642392","8.01569621926821","11.20
"Paraguay","PRY","GDP growth (annual %)","NY.GDP.MKTP.KD.ZG","","6.90028551422945","3.30025851602093","4.71029133985073","4.21247735945683","6.16797475642743","1.99150333527275","9.15036720414034","4.52707384188076","4.70115140770775","5.55342573311894","5.538151942856","6.63129747573396","7.302
"West Bank and Gaza","PSE","GDP growth (annual %)","NY.GDP.MKTP.KD.ZG","","","","","","","","","","","","","","","","","","","","","","","","","","","","","","","","","","","","7.11785989679103","1.21453753437805","14.6676392814808","14.3341073189351","8.28059145094657","-8.5555726838292","-9.31
"Pacific island small states","PSS","GDP growth (annual %)","NY.GDP.MKTP.KD.ZG","","","","","","","","","","","","6.32989043263548","5.43183846867849","10.968984692217","3.08075609710019","0.417527115768209","1.00539280399303","3.31232561493833","2.10560978380059","8.53577455488141","-3.36220314
"Post-demographic dividend","PST","GDP growth (annual %)","NY.GDP.MKTP.KD.ZG","","4.39905159707403","5.58254086456775","5.01027662370181","6.3599344038507","5.48661274100883","5.50182568764124","3.77102772635544","5.84762562265428","5.57803974269892","2.68302003359311","3.7211953406227","5.30422
"French Polynesia","PYF","GDP growth (annual %)","NY.GDP.MKTP.KD.ZG","","","","","","","9.57657823549394","-4.73916661693772","14.9308021425117","-2.6859410147583","1.62671133857395","12.0024086478023","-4.69507873236614","7.80256111911721","18.0010489103309","-4.9027023963948","8.20361632558698
"Qatar","QAT","GDP growth (annual %)","NY.GDP.MKTP.KD.ZG","","","","","","","","","","","","10.0078516626193","11.0793894825658","10.7848952141009","5.93825287801289","5.87913245017724","8.348912134635","-7.30543318661844","8.863366336075","5.22773574019966","-1.01642177991292","0.90097210131921
"Romania","ROU","GDP growth (annual %)","NY.GDP.MKTP.KD.ZG","","","","","","","","","","","","","","","","","","","","","","","","","","","","","","","","-12.9182107298211","-8.7672284522824","1.52883449664077","3.93194272962506","6.23351148371351","3.90770208816159","-4.8490627379703","-2.02981
"Russian Federation","RUS","GDP growth (annual %)","NY.GDP.MKTP.KD.ZG","","","","","","","","","","","","","","","","","","","","","","","","","","","","","","","-2.99999564243126","-5.04693945142462","-14.5310737729264","-8.66854034260423","-12.5697559802151","-4.1435284052602","-3.755069438359
"Rwanda","RWA","GDP growth (annual %)","NY.GDP.MKTP.KD.ZG","","-4.2975260472235","11.3337983684303","-9.82044441324079","-12.4649926826469","7.00952925499003","7.00891082281643","6.91601750997981","7.01378092757932","11.0073701491935","6.00142524647711","1.20664070130975","0.263068266748533","3.
"South Asia","SAS","GDP growth (annual %)","NY.GDP.MKTP.KD.ZG","","4.21382710225251","3.40798670593149","5.29132884220004","7.75910537474149","-0.541338189555447","1.24277712197762","6.10886541627644","4.60220626468029","5.77722304493066","5.90718155179117","0.6194673590646","-1.75812151495674",
"Saudi Arabia","SAU","GDP growth (annual %)","NY.GDP.MKTP.KD.ZG","","11.876851078322","11.9226595664133","8.69610923594509","8.776784363461","12.136763975251","8.18114543360571","8.90938333110026","7.66012652552848","6.03788654154387","52.5920942005017","15.229149289204","18.7850207545935","22.4
"Sudan","SDN","GDP growth (annual %)","NY.GDP.MKTP.KD.ZG","","0.0223913339764863","6.91584216208018","-2.84697169636277","-1.12044911557237","6.7770740808087","-3.57514749997277","1.42408130316814","1.9632208185127","1.38935048833054","5.92507472251474","2.24731409476402","-5.07098648865602","0.
"Senegal","SEN","GDP growth (annual %)","NY.GDP.MKTP.KD.ZG","","2.99344825626973","-0.136235360562637","1.86447856929158","3.88392710164631","1.33218949146287","2.8767609752687","-1.21979286528493","6.2907735312989","-6.55414292250094","8.56204551455826","-0.140449439855544","6.38320891557467","
"Singapore","SGP","GDP growth (annual %)","NY.GDP.MKTP.KD.ZG","","8.13752950817668","7.55344418052258","10.0401733131415","-3.10316815597076","7.83426046474929","10.180095306912","12.508612746034","13.5269942226387","13.8338251160131","13.9420030031916","12.4134371586342","13.3155626083739","10.
"Solomon Islands","SLB","GDP growth (annual %)","NY.GDP.MKTP.KD.ZG","","","","","","","","","","","","","","","","","","","","","","-1.79701939002049","-1.66956554612035","3.89059164106411","0.170200301592118","-3.13232290871807","-0.201430169017229","8.4213101897534","1.2501963287725","4.264256
"Sierra Leone","SLE","GDP growth (annual %)","NY.GDP.MKTP.KD.ZG","","1.80904354589421","4.54096703629196","1.69971521061791","6.68523879170635","7.18015579001283","1.69999999385271","0.0362815543045798","2.01992381869765","8.5254467948848","8.62049323711223","3.46591649879078","0.900234646639291
"El Salvador","SLV","GDP growth (annual %)","NY.GDP.MKTP.KD.ZG","","","","","","","7.16113774212035","5.43684884780356","3.23669238728887","3.48541881377602","2.97729509281315","3.85825751349313","6.11753368716674","4.86167350408661","5.33600110676542","2.92353188852029","5.04926017375946","6.78
"San Marino","SMR","GDP growth (annual %)","NY.GDP.MKTP.KD.ZG","","","","","","","","","","","","","","","","","","","","","","","","","","","","","","","","","","","","","","","7.4656188605108","9.04936014625228","2.17937971500419","5.57834290401968","0.310800310800303","3.87296669248644","4.54
"Somalia","SOM","GDP growth (annual %)","NY.GDP.MKTP.KD.ZG","","-3.2619812023401","7.07665543416628","2.8088025700941","-6.11062333034093","-5.94368149253914","9.09865470772201","5.94094361661151","2.02997732483745","-1.69956971733315","4.58140792145115","2.13836477986753","14.8809523809569","-1
"Serbia","SRB","GDP growth (annual %)","NY.GDP.MKTP.KD.ZG","","","","","","","","","","","","","","","","","","","","","","","","","","","","","","","","","","","","","6.16496191380251","8.93321261773936","5.34264215476301","-10.3255072165418","6.05509225799881","6.77851908946397","6.54104819665
"Sub-Saharan Africa (excluding high income)","SSA","GDP growth (annual %)","NY.GDP.MKTP.KD.ZG","","1.10645546260272","6.00825241762659","6.27243070853709","5.00918478242743","4.70272506769453","2.02348107124854","-0.764101366972127","3.13142830128173","9.02870577723679","7.85018979625403","7.750
"South Sudan","SSD","GDP growth (annual %)","NY.GDP.MKTP.KD.ZG","","","","","","","","","","","","","","","","","","","","","","","","","","","","","","","","","","","","","","","","","","","","","","","","","","5.04164187983342","5.49341639529945","-4.64031673600859","-46.0821223743007","13.129
"Sub-Saharan Africa","SSF","GDP growth (annual %)","NY.GDP.MKTP.KD.ZG","","1.10300956711438","6.0095173318627","6.2745125766311","5.00969303380494","4.69947850212506","2.02980139841344","-0.763348005058859","3.13406958315261","9.02308156424976","7.8507735540922","7.75559333657955","2.95131603620
"Small states","SST","GDP growth (annual %)","NY.GDP.MKTP.KD.ZG","","","","","","","","","","","","","","","","-1.51055391353103","13.6029353890253","8.83912803841473","6.29031201508481","11.5385577995357","-0.704032349264637","-5.07619794655879","0.0628715783905136","1.27194369366264","4.056951
"Sao Tome and Principe","STP","GDP growth (annual %)","NY.GDP.MKTP.KD.ZG","","","","","","","","","","","","5.37532999484682","2.29103269566046","1.59230103452408","5.68377540167492","5.37809647703489","1.63934420591072","23.4175289253147","2.89729997671209","16.3431584046761","-1.08135941310979
"Suriname","SUR","GDP growth (annual %)","NY.GDP.MKTP.KD.ZG","","4.79999998694005","3.90000000631146","5.60000000041359","6.50000000660916","12.0000000009194","19.1999999853885","12.1000000069554","7.60000000122862","4.49999999500439","2.70000000174831","3.89999999988031","-0.600000002867247","-
"Slovak Republic","SVK","GDP growth (annual %)","NY.GDP.MKTP.KD.ZG","","","","","","","","","","","","","","","","","","","","","","","","","","","","","","","","-14.5738038462519","-6.72148633956799","1.90132479939717","6.20553139428976","5.84349623772769","6.1195790623797","5.48584033577953","
"Slovenia","SVN","GDP growth (annual %)","NY.GDP.MKTP.KD.ZG","","","","","","","","","","","","","","","","","","","","","","","","","","","","","","","","-8.90010793013167","-5.46369777775745","2.84341931367283","5.32748574261801","4.10715835567792","2.91361889676544","5.17134007737864","3.0638
"Sweden","SWE","GDP growth (annual %)","NY.GDP.MKTP.KD.ZG","","5.68129278872205","4.25904720176311","5.32793379963599","6.82116447915911","3.82150760835968","2.09084429482202","3.36538858355962","3.6385056729346","5.00907517517541","6.4736739633765","0.944646233044594","2.28873877917178","3.9679
"Eswatini","SWZ","GDP growth (annual %)","NY.GDP.MKTP.KD.ZG","","","","","","","","","","","","13.7436337306559","5.42429428264374","9.01867373858816","5.74348690476273","13.9084441066063","-2.11943776564648","1.0095929078721","1.32712872842069","3.10694505124201","12.4490521716706","14.64144107
"Sint Maarten (Dutch part)","SXM","GDP growth (annual %)","NY.GDP.MKTP.KD.ZG","","","","","","","","","","","","","","","","","","","","","","","","","","","","","","","","","","","","","","","","","","","","","","","","","","","3.19999269219366","4.60000341415395","1.39054456773131","1.30673103
"Seychelles","SYC","GDP growth (annual %)","NY.GDP.MKTP.KD.ZG","","-4.88227635362706","8.40858127584126","10.1356029493254","5.91924643496992","-1.06057106861537","13.8965075360333","0.504739465799275","7.55323565508952","0","8.87186986242048","15.851775748595","6.30830794999662","9.054186320211
"Syrian Arab Republic","SYR","GDP growth (annual %)","NY.GDP.MKTP.KD.ZG","","10.8330639000002","24.5212971717849","-8.6527466722076","9.2713638022407","2.29937387537676","-7.65906551020211","8.25768264705083","3.72908022105565","18.7679152118321","-1.79685287528201","8.95581456274421","25.660715
"Turks and Caicos Islands","TCA","GDP growth (annual %)","NY.GDP.MKTP.KD.ZG","","","","","","","","","","","","","","","","","","","","","","","","","","","","","","","","","","","","","","","","","","","","","","","","","","","","","-0.97229935533214","1.07087701348118","8.71129658152685","11.3
"Chad","TCD","GDP growth (annual %)","NY.GDP.MKTP.KD.ZG","","1.39774367077538","5.36011610893978","-1.59945401520805","-2.5109396034681","0.606227786325746","-1.8070923919984","0.767201382290096","-0.457218866538113","6.88131022379213","1.85965647855537","-2.24762637244967","1.14961609483272","-
"East Asia & Pacific (IDA & IBRD countries)","TEA","GDP growth (annual %)","NY.GDP.MKTP.KD.ZG","","-13.3282852326933","-0.640292703302507","6.43942142645638","10.7848472660289","10.7817984719635","8.00227381713651","-1.4205703857248","1.7736144814847","11.3845160873323","13.4416904941666","6.769
"Europe & Central Asia (IDA & IBRD countries)","TEC","GDP growth (annual %)","NY.GDP.MKTP.KD.ZG","","","","","","","","","","","","","","","","","","","","","","","","","","","","","","","-1.45649572162891","-5.8986036723288","-9.54693452228736","-4.65279847986383","-8.42363781916275","-0.041995
"Togo","TGO","GDP growth (annual %)","NY.GDP.MKTP.KD.ZG","","12.1693173716966","3.77365283189978","4.99969427082227","14.2860112631032","15.4597127063262","9.4087191007167","5.50037155762124","5.02369185243529","10.8308683441436","2.52430264526689","0","7.6251575468784","3.83748400245855","4.832
"Thailand","THA","GDP growth (annual %)","NY.GDP.MKTP.KD.ZG","","5.36214630168787","7.55425444784086","7.99983078698784","6.83099614370542","8.18166153767717","11.1225184946389","8.61598233328198","8.12227025554289","6.55065988587748","11.4079490662098","4.89537376024299","4.27850803861051","10.
"Tajikistan","TJK","GDP growth (annual %)","NY.GDP.MKTP.KD.ZG","","","","","","","","","","","","","","","","","","","","","","","","","","","3.49999987309577","-1.20000004458646","13.900001094354","-6.50000066364703","-0.59999963133663","-7.09999909622525","-29.0000010554471","-16.3999998448822
"Turkmenistan","TKM","GDP growth (annual %)","NY.GDP.MKTP.KD.ZG","","","","","","","","","","","","","","","","","","","","","","","","","","","","","11.0236221751372","-4.25531950689702","35.3845581084463","-4.60526321358375","-14.965986595768","1.50000017391807","-17.2998604721341","-7.2000409
"Latin America & the Caribbean (IDA & IBRD countries)","TLA","GDP growth (annual %)","NY.GDP.MKTP.KD.ZG","","6.09796495394801","4.20048977670345","1.89521807562043","7.2597241070611","5.57444552359476","4.86963036383554","4.27645081074708","7.1594543114706","6.75717194518262","6.53004470676339",
"Timor-Leste","TLS","GDP growth (annual %)","NY.GDP.MKTP.KD.ZG","","","","","","","","","","","","","","","","","","","","","","","","","","","","","","","","10.7142805140818","10.4595196012455","10.2047655200409","7.12283832241383","6.68126470624202","7.9821850008766","3.99999400523568","-1.999
"Middle East & North Africa (IDA & IBRD countries)","TMN","GDP growth (annual %)","NY.GDP.MKTP.KD.ZG","","3.36870916476452","2.3115765317791","11.6470925584902","10.6006639095527","12.5134419693704","7.36932281495399","7.89158998820602","13.1676014370928","11.7844548892303","8.37624126468609","6
"Tonga","TON","GDP growth (annual %)","NY.GDP.MKTP.KD.ZG","","","","","","","","","","","","","","","","","","","","","","","4.74126542034365","1.98240271299422","1.73839202111998","6.55846354534968","2.11866086493171","2.98563769172688","-1.88187195516706","0.389906802973172","-2.0440915137989"
"South Asia (IDA & IBRD)","TSA","GDP growth (annual %)","NY.GDP.MKTP.KD.ZG","","4.21382710225254","3.40798670593149","5.29132884220003","7.75910537474151","-0.541338189555447","1.24277712197762","6.10886541627644","4.60220626468029","5.77722304493065","5.9071815517912","0.619467359064615","-1.75
"Sub-Saharan Africa (IDA & IBRD countries)","TSS","GDP growth (annual %)","NY.GDP.MKTP.KD.ZG","","1.10300956711433","6.00951733186272","6.27451257663114","5.00969303380492","4.69947850212506","2.02980139841344","-0.763348005058859","3.13406958315261","9.02308156424976","7.85077355409223","7.7555
"Trinidad and Tobago","TTO","GDP growth (annual %)","NY.GDP.MKTP.KD.ZG","","14.037070864503","2.74246314643362","5.60459724643465","7.63049977210248","0.693850281194557","4.05682156067668","2.04251771480521","5.21514161490035","2.73068461003507","3.53363567797224","1.04033582781962","5.780346819
"Tunisia","TUN","GDP growth (annual %)","NY.GDP.MKTP.KD.ZG","","","-4.59008450551823","-10.7339947141916","-4.6759498576432","-2.5366922286227","3.45486789269532","0.161952470326938","10.4097285884098","4.74781540363225","4.6696317726705","10.5601974806863","17.7427182610332","-0.65464350226631"
"Turkiye","TUR","GDP growth (annual %)","NY.GDP.MKTP.KD.ZG","","1.15606938539699","5.57142858180484","9.06630555240875","5.45905679838097","2.82352954343837","11.2128150353514","4.73251024393741","6.77799601038116","4.0811456208947","3.2335089729326","5.56669450058789","7.42578832564243","3.2623
"Tuvalu","TUV","GDP growth (annual %)","NY.GDP.MKTP.KD.ZG","","","","","","","","","","","","-1.58370000000018","-1.94999999999985","-1.93050000000022","-1.67810000000009","-1.50650000000014","-0.84509999999986","-3.74149999999992","-1.8324999999999","-0.396800000000113","-0.639500000000027","2.
"Tanzania","TZA","GDP growth (annual %)","NY.GDP.MKTP.KD.ZG","","1.13829635143543","9.09674738431541","6.26000305958226","5.51115870033439","4.3647206714603","11.6436755317812","5.52325857922256","6.28556212963629","3.26163984438857","-46.4330351414871","3.90146077101619","7.11531519183237","6.1
"Uganda","UGA","GDP growth (annual %)","NY.GDP.MKTP.KD.ZG","","","","","","","","","","","","","","","","","","","","","","","","5.74455771307937","-0.344676680158472","-3.30638000677493","0.390086943062727","3.96190278946132","8.26707354577805","6.36194124395438","6.47414015255596","5.554095495
"Ukraine","UKR","GDP growth (annual %)","NY.GDP.MKTP.KD.ZG","","","","","","","","","","","","","","","","","","","","","","","","","","","","","2.56646326960379","3.87310321162344","-6.34523512831163","-8.6999999997216","-9.90000000204168","-14.1999999993643","-22.8999999992283","-12.2000000007
"Upper middle income","UMC","GDP growth (annual %)","NY.GDP.MKTP.KD.ZG","","0.434841823685716","3.13018954844104","4.48907013372421","8.72098735798059","7.6984045141543","6.25986566195517","3.80997751560326","6.9749605834869","8.35209817541123","8.39583936972754","6.67350101850961","7.7232102422
"Uruguay","URY","GDP growth (annual %)","NY.GDP.MKTP.KD.ZG","","2.49303791805684","-1.57454885002421","0.170458855734793","2.44052077893583","1.04560405431261","3.06285593493642","-3.65683411281653","1.88891174472745","5.8647406331108","2.33321338074524","-0.251711531030196","-1.31956986163931",
"United States","USA","GDP growth (annual %)","NY.GDP.MKTP.KD.ZG","","2.29999999999953","6.10000000000016","4.39999999999989","5.80000000000027","6.39999999999989","6.50000000000026","2.49999999999999","4.79999999999954","3.09999999999999","0.21660649819502","3.29272245508689","5.25550195050253"
"Uzbekistan","UZB","GDP growth (annual %)","NY.GDP.MKTP.KD.ZG","","","","","","","","","","","","","","","","","","","","","","","","","","","","","9.13858227515789","3.09129397309778","1.60000000583702","-0.492000005163078","-11.199999997316","-2.30000000438973","-5.19999999306704","-0.90000000
"St. Vincent and the Grenadines","VCT","GDP growth (annual %)","NY.GDP.MKTP.KD.ZG","","4.52728343656233","3.69426175616188","-6.26533863461877","3.66972562214288","0.884935067524722","0","-9.5238134868062","6.50970596033511","2.86084490854772","10.7458896213528","2.96805060811765","25.8314887749
"Venezuela, RB","VEN","GDP growth (annual %)","NY.GDP.MKTP.KD.ZG","","3.19251943889358","8.53293376290713","3.90095116381816","11.1293452932625","4.16286666476402","1.51025011101886","2.83386903098896","7.33723265821675","0.706036796156042","7.71191438124382","1.47929120998992","1.28280503619396
"British Virgin Islands","VGB","GDP growth (annual %)","NY.GDP.MKTP.KD.ZG","","","","","","","","","","","","","","","","","","","","","","","","","","","","","","","","","","","","","","","","","","","","","","","","","","","","","","","","","","","","","","","","",                             
"Virgin Islands (U.S.)","VIR","GDP growth (annual %)","NY.GDP.MKTP.KD.ZG","","","","","","","","","","","","","","","","","","","","","","","","","","","","","","","","","","","","","","","","","","","","-0.396080883885759","3.28589367936377","3.4853090172239","3.50499314666143","4.0105940219447
"Viet Nam","VNM","GDP growth (annual %)","NY.GDP.MKTP.KD.ZG","","","","","","","","","","","","","","","","","","","","","","","","","","3.80585566810947","2.78929157479443","3.5834696313072","5.13501167157808","7.36451289395819","5.10091813908369","5.96084393218912","8.64604745934572","8.072730
"Vanuatu","VUT","GDP growth (annual %)","NY.GDP.MKTP.KD.ZG","","","","","","","","","","","","","","","","","","","","","-11.3998067077697","4.37795667690264","1.97988311533415","3.0096292542201","9.57499148469137","1.001623320554","-0.150463358752518","-2.89393472379192","-1.69288283840022","1.
"World","WLD","GDP growth (annual %)","NY.GDP.MKTP.KD.ZG","","3.9634423761662","5.32018256782678","5.01555698486216","6.56962733143212","5.61064800824002","5.43492789149687","3.73388778494355","5.9285381650042","5.98173375980468","3.75168512765822","4.27007179675553","5.60156777985712","6.403157
"Samoa","WSM","GDP growth (annual %)","NY.GDP.MKTP.KD.ZG","","","","","","","","","","","","13.5135136424393","1.58730157852472","7.29166655440407","-10.6796115697096","-3.80434788164912","9.32203391331603","-0.775193740673188","6.24999996598103","10.9090919597421","-6.19307884148303","-9.029122
"Kosovo","XKX","GDP growth (annual %)","NY.GDP.MKTP.KD.ZG","","","","","","","","","","","","","","","","","","","","","","","","","","","","","","","","","","","","","","","","","","","","","","","","","","5.03485413839893","4.93995095961395","6.31981022896761","1.71219595890548","5.34079911900
"Yemen, Rep.","YEM","GDP growth (annual %)","NY.GDP.MKTP.KD.ZG","","","","","","","","","","","","","","","","","","","","","","","","","","","","","","","","6.29349385992927","8.20759813722687","4.00196638126631","6.72194912231696","5.66937132228433","4.63496731668951","5.23111204040379","6.006
"South Africa","ZAF","GDP growth (annual %)","NY.GDP.MKTP.KD.ZG","","3.84473414174089","6.17793085042746","7.37370924877223","7.93960864480677","6.12279809601442","4.43838608946889","7.19652306514106","4.15337298293346","4.71590286722241","5.24866143118292","4.27893440296982","1.65482970884699",
"Zambia","ZMB","GDP growth (annual %)","NY.GDP.MKTP.KD.ZG","","1.36138199147489","-2.49083947454871","3.27239289272524","12.2140480179323","16.6474559632126","-5.57030980860466","7.91969651199875","1.24832998222797","-0.436915823088214","4.79711290318896","-0.0860395508674401","9.20886514231279"
"Zimbabwe","ZWE","GDP growth (annual %)","NY.GDP.MKTP.KD.ZG","","6.31615726660056","1.43447088942568","6.2443445062959","-1.10617185953089","4.91057058739682","1.52313002769438","8.36700892929119","1.97013496821772","12.4282358363658","22.5651508392831","8.91758664245961","8.32977472632544","2.6
